Type,Name,Request Count,Failure Count,Median Response Time,Average Response Time,Min Response Time,Max Response Time,Average Content Size,Requests/s,Failures/s,50%,66%,75%,80%,90%,95%,98%,99%,99.9%,99.99%,100%
POST,/chat [complex],2204,0,840.0,1239.6602493644623,687.044300022535,88718.77609999501,231.71052631578948,3.0090326833457217,0.0,840,970,1000,1100,1200,1200,1400,2800,71000,89000,89000
POST,/chat [extreme],1109,0,840.0,1102.8294926960384,689.8140999837779,51927.9072000063,214.80072137060415,1.5140731605401114,0.0,840,970,1000,1100,1200,1300,1400,2800,49000,52000,52000
POST,/chat [medium],5568,0,840.0,1087.3853700791385,685.0287999841385,70618.8572999963,208.8757183908046,7.601766778978665,0.0,840,970,1000,1100,1200,1300,1600,3200,53000,71000,71000
POST,/chat [simple],13381,0,840.0,1050.7921847621774,687.125800002832,91689.86000001314,194.55997309618115,18.268541894668378,0.0,840,970,1000,1100,1200,1200,1400,2800,40000,82000,92000
,Aggregated,22262,0,840.0,1081.2353365332096,685.0287999841385,91689.86000001314,202.8268349654119,30.393414517532875,0.0,840,970,1000,1100,1200,1200,1400,2900,52000,88000,92000
