Type,Name,Request Count,Failure Count,Median Response Time,Average Response Time,Min Response Time,Max Response Time,Average Content Size,Requests/s,Failures/s,50%,66%,75%,80%,90%,95%,98%,99%,99.9%,99.99%,100%
POST,/chat [complex],1221,1,760.0,1003.4510292386751,709.0270999760833,61382.487499999115,223.18018018018017,3.6616825297504842,0.0029989209907866376,760,770,780,800,850,920,1000,6400,55000,61000,61000
POST,/chat [extreme],623,0,760.0,949.144622631652,706.2155000166968,74409.49010002078,211.14767255216694,1.8683277772600753,0.0,760,770,780,790,830,900,1000,1100,74000,74000,74000
POST,/chat [medium],3073,1,760.0,870.478451089872,705.3809999779332,65215.444799978286,196.8864301985031,9.215684204687337,0.0029989209907866376,760,770,780,790,840,900,1000,1200,33000,65000,65000
POST,/chat [simple],7494,2,760.0,876.395859060337,705.7832999853417,101015.63470001565,193.6526554576995,22.47391390495506,0.005997841981573275,760,770,780,790,840,900,1000,1400,20000,101000,101000
,Aggregated,12411,4,760.0,891.0822379016453,705.3809999779332,101015.63470001565,198.23648376440255,37.21960841665296,0.01199568396314655,760,770,780,790,840,900,1000,1300,27000,74000,101000