Type,Name,Request Count,Failure Count,Median Response Time,Average Response Time,Min Response Time,Max Response Time,Average Content Size,Requests/s,Failures/s,50%,66%,75%,80%,90%,95%,98%,99%,99.9%,99.99%,100%
POST,/chat [complex],4432,1,760.0,919.5234086417779,708.5235999838915,67974.42060001777,213.73668772563178,3.7502115025254517,0.000846166855262963,760,780,790,800,850,910,1000,1100,58000,68000,68000
POST,/chat [extreme],2146,0,760.0,972.5467267937079,706.2155000166968,87108.15709998133,226.07036346691518,1.8158740713943184,0.0,760,780,790,800,840,900,990,1100,58000,87000,87000
POST,/chat [medium],11202,1,760.0,853.3446174254077,699.2940999916755,65215.444799978286,198.87100517764685,9.478761112655711,0.000846166855262963,760,780,790,800,840,900,980,1000,41000,62000,65000
POST,/chat [simple],27024,2,760.0,832.7367049769757,702.8385000012349,101015.63470001565,194.09894908229722,22.86681309662631,0.001692333710525926,760,780,790,800,840,900,970,1000,20000,38000,101000
,Aggregated,44804,4,760.0,853.1706129474338,699.2940999916755,101015.63470001565,198.7659807160075,37.91165978320179,0.003384667421051852,760,780,790,800,840,900,980,1000,27000,65000,101000
