Type,Name,Request Count,Failure Count,Median Response Time,Average Response Time,Min Response Time,Max Response Time,Average Content Size,Requests/s,Failures/s,50%,66%,75%,80%,90%,95%,98%,99%,99.9%,99.99%,100%
POST,/chat [complex],4088,1,760.0,931.2685306507639,709.0270999760833,67974.42060001777,216.02470645792565,3.7570227187224483,0.0009190368685720275,760,780,790,800,850,910,1000,1100,58000,68000,68000
POST,/chat [extreme],1964,0,760.0,991.2730443988495,706.2155000166968,87108.15709998133,229.7357433808554,1.804988409875462,0.0,760,780,790,800,840,900,1000,1100,74000,87000,87000
POST,/chat [medium],10323,1,760.0,845.4669567566762,704.153500002576,65215.444799978286,196.99486583357552,9.48721759426904,0.0009190368685720275,760,780,790,800,840,900,980,1000,36000,62000,65000
POST,/chat [simple],24855,2,760.0,835.2771343914011,702.9097999911755,101015.63470001565,194.22458257895795,22.842661368357742,0.001838073737144055,760,780,790,800,840,900,980,1000,20000,38000,101000
,Aggregated,41230,4,760.0,854.7769726509146,702.9097999911755,101015.63470001565,198.7712830463255,37.891890091224695,0.00367614747428811,760,780,790,800,840,900,980,1100,27000,65000,10100