Type,Name,Request Count,Failure Count,Median Response Time,Average Response Time,Min Response Time,Max Response Time,Average Content Size,Requests/s,Failures/s,50%,66%,75%,80%,90%,95%,98%,99%,99.9%,99.99%,100%
POST,/chat [complex],6188,1,760.0,907.9198084195282,708.5235999838915,67974.42060001777,212.46735617323853,3.756183349010699,0.0006070108838090981,760,780,790,800,850,910,990,1100,57000,68000,68000
POST,/chat [extreme],3025,0,760.0,940.6258575204228,706.2155000166968,87108.15709998133,221.3186776859504,1.8362079235225217,0.0,760,780,790,810,850,900,980,1100,58000,87000,87000
POST,/chat [medium],15632,1,760.0,853.8164653083204,699.2940999916755,65215.444799978286,199.9565634595701,9.488794135703822,0.0006070108838090981,760,780,790,800,850,900,980,1000,43000,63000,65000
POST,/chat [simple],37727,2,760.0,830.2798513504473,702.8385000012349,101015.63470001565,194.62313462506958,22.900699613465843,0.0012140217676181962,760,780,790,800,850,900,970,1000,21000,36000,101000
,Aggregated,62572,4,760.0,849.1726000622846,699.2940999916755,101015.63470001565,199.01081953589465,37.98188502170289,0.0024280435352363925,760,780,790,800,850,900,980,1000,27000,65000,101000
