Type,Name,Request Count,Failure Count,Median Response Time,Average Response Time,Min Response Time,Max Response Time,Average Content Size,Requests/s,Failures/s,50%,66%,75%,80%,90%,95%,98%,99%,99.9%,99.99%,100%
POST,/chat [complex],6783,1,760.0,918.0983184726506,708.5235999838915,67974.42060001777,215.12221730797583,3.7672203144835534,0.0005553914660892752,760,780,790,800,850,910,990,1100,57000,68000,68000
POST,/chat [extreme],3309,0,760.0,938.4838619822935,706.2155000166968,87108.15709998133,220.89090359625266,1.8377903612894115,0.0,760,780,790,810,850,900,980,1100,58000,87000,87000
POST,/chat [medium],17064,1,760.0,854.1690373358852,699.2940999916755,68960.05439999863,200.14381153305203,9.477199977347391,0.0005553914660892752,760,780,790,800,850,900,980,1000,43000,65000,69000
POST,/chat [simple],41221,2,760.0,827.875982499159,702.8385000012349,101015.63470001565,194.23454064675772,22.89379162366601,0.0011107829321785503,760,780,790,800,850,900,970,1000,20000,36000,101000
,Aggregated,68377,4,760.0,848.7403706099527,699.2940999916755,101015.63470001565,199.07129590359332,37.97600227678637,0.0022215658643571006,760,780,790,800,850,900,980,1000,27000,65000,101000
