Type,Name,Request Count,Failure Count,Median Response Time,Average Response Time,Min Response Time,Max Response Time,Average Content Size,Requests/s,Failures/s,50%,66%,75%,80%,90%,95%,98%,99%,99.9%,99.99%,100%
POST,/chat [complex],11,4,45000.0,36475.7631090893,3.1458000012207776,67697.93180000852,9644.90909090909,0.0035787954927695965,0.0013013801791889443,45000,59000,59000,59000,67000,68000,68000,68000,68000,68000,68000
POST,/chat [extreme],2,2,3.493500000331551,3.9438500098185614,3.493500000331551,4.394200019305572,12993.5,0.0006506900895944721,0.0006506900895944721,4,4,4,4,4,4,4,4,4,4,4
POST,/chat [medium],17,0,51000.0,49955.73300000123,36756.95629999973,64703.50970001891,11086.235294117647,0.005530865761553013,0.0,51000,52000,53000,55000,61000,65000,65000,65000,65000,65000,65000
POST,/chat [simple],70,0,25000.0,26045.03100714189,9994.831799995154,43252.9028999852,5880.742857142857,0.022774153135806524,0.0,26000,29000,32000,33000,36000,37000,43000,43000,43000,43000,43000
,Aggregated,100,6,29000.0,30736.409133999554,3.1458000012207776,67697.93180000852,7321.99,0.03253450447972361,0.0019520702687834163,29000,34000,40000,43000,53000,60000,67000,68000,68000,68000,68000
